"aasld_id","fib4","F03_F4"
"AASLD-001",1.57721999383819,"no"
"AASLD-002",0.783896657876489,"no"
"AASLD-003",5.88461538461539,"yes"
"AASLD-005",2.34101392441962,"yes"
"AASLD-006",1.78679342736225,"no"
"AASLD-007",NA,"no"
"AASLD-010",0.511946074498682,"no"
"AASLD-011",1.35615434079363,"no"
"AASLD-013",NA,"no"
"AASLD-014",5.14908170515012,"no"
"AASLD-015",1.94285714285714,"no"
"AASLD-017",15.3008928271684,"yes"
"AASLD-021",1.70776486312049,"no"
"AASLD-023",2.0417939852817,"yes"
"AASLD-025",3.46242604825216,"no"
"AASLD-026",1.39787424434823,"no"
"AASLD-027",1.8490006540841,"no"
"AASLD-030",1.85063102888667,"no"
"AASLD-031",1.50993196386158,"no"
"AASLD-033",8.30950341733344,"yes"
"AASLD-034",NA,"no"
"AASLD-035",NA,"yes"
"AASLD-037",1.14959981863617,"no"
"AASLD-038",2.06411475503123,"no"
"AASLD-041",2.03008834700986,"no"
"AASLD-042",1.22727054057536,"no"
"AASLD-043",1.60171603468773,"no"
"AASLD-045",1.48892106642858,"no"
"AASLD-046",0.514469507652828,"no"
"AASLD-047",8.56421422423149,"yes"
"AASLD-050",1.58113883008419,"no"
"AASLD-051",1.75296266459905,"no"
"AASLD-053",3.75204626733016,"yes"
"AASLD-054",0.793088149655098,"no"
"AASLD-055",1.55339805825243,"no"
"AASLD-057",0.353344054369529,"no"
"AASLD-058",0.396138252765573,"no"
"AASLD-061",2.26756189267584,"yes"
"AASLD-062",0.698844849505732,"no"
"AASLD-063",1.12001585049256,"no"
"AASLD-065",1.15728983886404,"no"
"AASLD-066",2.51447422837485,"yes"
"AASLD-067",2.14063158039277,"yes"
"AASLD-070",1.20149554282623,"yes"
"AASLD-071",4.9578698028387,"yes"
"AASLD-073",NA,"no"
"AASLD-074",2.26373287483259,"no"
"AASLD-075",0.491784791426734,"no"
"AASLD-077",1.10422723593778,"no"
"AASLD-078",7.47982172705416,"no"
"AASLD-081",1.18833333333333,"yes"
"AASLD-082",2.21944184876849,"no"
"AASLD-083",4.03355103632935,"no"
"AASLD-085",0.295430809684935,"no"
"AASLD-086",4.49510236849067,"yes"
"AASLD-087",NA,"no"
"AASLD-090",0.391162309542943,"no"
"AASLD-091",1.79750508862375,"no"
"AASLD-093",0.30783367793073,"no"
"AASLD-094",0.51383769951354,"yes"
"AASLD-095",0.839270578655954,"no"
"AASLD-097",6.20969104375487,"yes"
"AASLD-098",1.70560573084488,"no"
"AASLD-101",4.06595304275529,"yes"
"AASLD-102",0.608856088560886,"no"
"AASLD-103",NA,"no"
"AASLD-104",7.49210688454547,"yes"
"AASLD-105",4.2941922576859,"yes"
"AASLD-106",1.69353675474629,"no"
"AASLD-107",1.92597245907697,"no"
"AASLD-108",0.742100977493727,"yes"
"AASLD-109",0.785086416302581,"no"
"AASLD-110",1.30787509959283,"no"
